{"cameraMode":{"drawMode":0,"name":"Shaded","section":"Shading Mode"},"sceneLighting":true,"audioPlay":false,"sceneViewState":{"m_AlwaysRefresh":false,"showFog":true,"showSkybox":true,"showFlares":true,"showImageEffects":true,"showParticleSystems":true,"showVisualEffectGraphs":true,"m_FxEnabled":true},"in2DMode":false,"pivot":{"x":0.8031267523765564,"y":1.41651451587677,"z":-0.0807291641831398},"rotation":{"x":0.32878607511520388,"y":-0.6340231895446777,"z":0.34103575348854067,"w":0.6112475991249085},"size":0.18068347871303559,"orthographic":false}