{"cameraMode":{"drawMode":0,"name":"Shaded","section":"Shading Mode"},"sceneLighting":true,"audioPlay":false,"sceneViewState":{"m_AlwaysRefresh":false,"showFog":true,"showSkybox":true,"showFlares":true,"showImageEffects":true,"showParticleSystems":true,"showVisualEffectGraphs":true,"m_FxEnabled":true},"in2DMode":false,"pivot":{"x":0.4063340127468109,"y":0.9043806791305542,"z":0.02243746630847454},"rotation":{"x":0.13897275924682618,"y":-0.24674755334854127,"z":0.03580702468752861,"w":0.9584625959396362},"size":1.1899932622909547,"orthographic":false}