{"cameraMode":{"drawMode":0,"name":"Shaded","section":"Shading Mode"},"sceneLighting":true,"audioPlay":false,"sceneViewState":{"m_AlwaysRefresh":false,"showFog":true,"showSkybox":true,"showFlares":true,"showImageEffects":true,"showParticleSystems":true,"showVisualEffectGraphs":true,"m_FxEnabled":true},"in2DMode":false,"pivot":{"x":12.140432357788086,"y":1.0674539804458619,"z":-4.254637718200684},"rotation":{"x":-0.13796086609363557,"y":0.1886330097913742,"z":-0.02676970139145851,"w":-0.9719462394714356},"size":0.9202678203582764,"orthographic":false}