{"cameraMode":{"drawMode":0,"name":"Shaded","section":"Shading Mode"},"sceneLighting":false,"audioPlay":false,"sceneViewState":{"m_AlwaysRefresh":false,"showFog":false,"showSkybox":false,"showFlares":false,"showImageEffects":false,"showParticleSystems":false,"showVisualEffectGraphs":true,"m_FxEnabled":true},"in2DMode":false,"pivot":{"x":-0.11740398406982422,"y":15.977170944213868,"z":-0.7855024337768555},"rotation":{"x":0.005381748545914888,"y":0.9673725366592407,"z":-0.020617524161934854,"w":0.2524792551994324},"size":9.912537574768067,"orthographic":false}