{"cameraMode":{"drawMode":0,"name":"Shaded","section":"Shading Mode"},"sceneLighting":false,"audioPlay":false,"sceneViewState":{"m_AlwaysRefresh":false,"showFog":false,"showSkybox":false,"showFlares":false,"showImageEffects":false,"showParticleSystems":false,"showVisualEffectGraphs":true,"m_FxEnabled":true},"in2DMode":false,"pivot":{"x":0.012293815612792969,"y":16.17805290222168,"z":-0.18358421325683595},"rotation":{"x":-0.0005106200696900487,"y":0.9943356513977051,"z":-0.0047824024222791199,"w":-0.10631542652845383},"size":22.4831485748291,"orthographic":false}